Neighbor_size,KG-present,KG-absent,TR
100,26.5,5.8,67.5
50,26.47139416,5.480485953,66.233
10,26.4451619,4.463032405,62.9938